company_name,email,phone,instagram_url,contact_name,status,last_step_completed
The Harley Street Smile Clinic,,020 7971 1909,,,cold,
Harley Street Dental Studio,,020 7636 5981,,,cold,
Marylebone Smile Clinic,,020 7126 8526,,,cold,
This Is It Dental Clinic,,020 7486 5180,,,cold,
75 Harley Street Dental Practice,,020 7935 3914,,,cold,
Harley Street Oral Reconstruction Centre (HSORC),,020 7486 4442,,,cold,
Harley Street Dental & Implant Clinic,,020 7935 2249,,,cold,
76 Harley Street,,020 7631 3276,,,cold,
Specialist Dental Services,smile@specialistdentalservices.com,020 7580 4200,,,cold,0
Ortho London,pageinfo@ortholondon.com,07710 804817,,,cold,0
The London Lingual Orthodontic Clinic,,020 7486 2883,,,cold,
French Dental Practice,,020 7935 7815,,,cold,
Dr Emma Laing Orthodontics,info@emmalaing.com,020 7935 8627,,,cold,0
Harley Street Dental Art Clinic,info@harleystreetdentalartclinic.com,07399 002616,,,cold,0
